Product Name,Price,Rating
HP Chromebook Intel Celeron Dual Core N4500 - (4 GB/64 GB EMMC Storage/Chrome OS) 14a- na1004TU Chrome...,18990,3.7
HP AMD Athlon Dual Core - (8 GB/256 GB SSD/Windows 11 Home) 255 Laptop,22221,4
HP 255 G9 AMD Ryzen 3 Dual Core R3 3250 - (8 GB/512 GB SSD/Windows 11 Home) 255 G8 Business Laptop,25999,4
HP Laptop Intel Core i3 12th Gen 1215U - (8 GB/256 GB SSD/Windows 11 Home) 15s-fy5010TU Thin and Light...,32999,4.2
HP Pavilion Intel Core i5 12th Gen 1235U - (16 GB/512 GB SSD/Windows 11 Home) 14-dv2014TU Thin and Lig...,59990,4.3
HP Intel Core i5 12th Gen 1235U - (16 GB/512 GB SSD/Windows 11 Home) 15s-fq5330TU|15-fd0111TU Thin and...,52990,4.2
HP (15s-fq5007TU) Intel Core i3 12th Gen 1215U - (8 GB/512 GB SSD/Windows 11 Home) 15s-fq5327TU Thin a...,36999,4.2
HP 15s AMD Ryzen 5 Quad Core 7520U - (8 GB/512 GB SSD/Windows 11 Home) 15-fc0028AU Thin and Light Lapt...,36990,4.2
HP Chromebook Intel Celeron Dual Core N4500 - (4 GB/128 GB EMMC Storage/Chrome OS) 15a- na0012TU Chrom...,19990,3.9
HP Backlit Intel Core i5 12th Gen 1235U - (8 GB/512 GB SSD/Windows 11 Home) 15s-fy5002TU Thin and Ligh...,46999,4.2
HP Intel Core i5 13th Gen 1334U - (16 GB/512 GB SSD/Windows 11 Home) 15-fd0315TU Thin and Light Laptop,53990,4
HP Chromebook Intel Celeron Quad Core N4120 - (4 GB/64 GB EMMC Storage/Chrome OS) 14a-ca0504TU Chromeb...,20990,4.1
HP Intel Core Ultra 5 125H - (16 GB/512 GB SSD/Windows 11 Home) 14-gr1022TU Thin and Light Laptop,67990,4.1
HP Chromebook Plus Intel Core i3 N305 - (8 GB/128 GB/Chrome Plus) 14b-cd0013TU Chromebook,46990,2
HP 15s Intel Core i3 12th Gen 1215U - (8 GB/512 GB SSD/Windows 11 Home) 15s-fq5007TU Thin and Light La...,35990,4.2
HP 15s AMD Ryzen 3 Quad Core 5300U - (8 GB/512 GB SSD/Windows 11 Home) 15s-eq2143au Thin and Light Lap...,31999,4.2
HP Chromebook Intel Celeron Dual Core N4120 - (4 GB/64 GB EMMC Storage/Chrome OS) 14a-ca0506TU Chromeb...,19990,3.9
HP Chromebook MediaTek MT8183 - (4 GB/32 GB EMMC Storage/Chrome OS) 11MK G9 EE Chromebook,34554,3.7
HP 15 (2024) AMD Ryzen 3 Quad Core 7320U - (8 GB/512 GB SSD/Windows 11 Home) 15-fc0154AU Thin and Ligh...,31990,4.2
HP AMD Ryzen 5 Hexa Core 5500U - (8 GB/512 GB SSD/Windows 11 Home) 15s- eq2144au Thin and Light Laptop,36990,4.2
HP AMD Athlon Dual Core 3050U - (8 GB/512 GB SSD/Windows 11 Home) 15s- eq1559AU Thin and Light Laptop,25380,4
HP Chromebook Intel Celeron Dual Core N4500 - (4 GB/64 GB EMMC Storage/Chrome OS) 14a- na1004TU Chrome...,18990,3.7
HP 255 G9 Silver AMD Ryzen 5 Hexa Core AMD Ryzen5-5625U - (8 GB/512 GB SSD/Windows 11 Home) 255 G9 Bus...,31500,4.2
HP AMD Ryzen 7 Octa Core 5700U - (16 GB/512 GB SSD/Windows 11 Home) 15s-EQ2084AU Laptop,48490,4.2
HP Chromebook Intel Celeron Dual Core N4500 - (4 GB/128 GB EMMC Storage/Chrome OS) 15a- na0012TU Chrom...,19990,3.9
HP Pavilion 14 Touchscreen Intel Core i5 12th Gen 1235U - (16 GB/512 GB SSD/Windows 11 Home) Pavilion ...,61990,4
HP G9 AMD Ryzen 5 Hexa Core 5th Gen 5625U - (16 GB/512 GB SSD/Windows 11 Home) 7B1L8PA Notebook,33990,4
HP Chromebook Intel Celeron Quad Core N4120 - (4 GB/64 GB EMMC Storage/Chrome OS) 14a-ca0504TU Chromeb...,20990,4.1
HP G8 Intel Core i3 11th Gen 12 gen - (16 GB/512 GB SSD/Windows 11 Pro) 250G8 Business Laptop,34230,4
HP Chromebook Plus Intel Core i3 N305 - (8 GB/128 GB/Chrome Plus) 14b-cd0013TU Chromebook,46990,2
HP 250R G9 (2024) Intel Core i3 13th Gen Intel Core i3 - 1315U (13th Gen) - (8 GB/512 GB SSD/Windows 1...,31980,4.2
HP 15s AMD Ryzen 5 Hexa Core 5500U - (16 GB/512 GB SSD/Windows 11 Home) 15s-eq2132au Thin and Light La...,41990,3.9
HP Chromebook Intel Celeron Dual Core N4120 - (4 GB/64 GB EMMC Storage/Chrome OS) 14a-ca0506TU Chromeb...,19990,3.7
HP Chromebook MediaTek MT8183 - (4 GB/32 GB EMMC Storage/Chrome OS) 11MK G9 EE Chromebook,34554,4.5
HP Pavilion AMD Ryzen 5 Dual Core 5500U - (8 GB/512 GB SSD/Windows 11 Home) 15-eh1137AU Thin and Light...,48490,4.1
HP 15s Intel Core i5 12th Gen 1235U - (16 GB/512 GB SSD/Windows 11 Home) 15s-fq5112TU Thin and Light L...,49472,3.7
HP 245G9 AMD Ryzen 3 Dual Core AMD Ryzen 3 3250U - (8 GB/512 GB SSD/Windows 11 Home) 245 G8 Business L...,31990,3.9
HP Chromebook Intel Celeron Dual Core N4500 - (4 GB/256 GB SSD/Windows 10 Home) 14s-dq3017TU Chromeboo...,27990,N/A
HP 245G9 Silver AMD Ryzen 3 Dual Core 3rd Gen AMD Ryzen 3 3250U - (8 GB/512 GB SSD/Windows 11 Home) 24...,31990,4.2
HP Victus gaming AMD Ryzen 5 Hexa Core 5600H - (8 GB/512 GB SSD/Windows 11 Home/4 GB Graphics/AMD Rade...,49990,4.2
HP Chromebook Intel Celeron Dual Core N4500 - (4 GB/64 GB EMMC Storage/Chrome OS) 14a- na1004TU Chrome...,18990,3.7
HP Intel Core i5 13th Gen - (16 GB/512 GB SSD/Windows 11 Home/Intel Integrated intel hd) 14-ek1074TU 2...,69990,4.7
HP 15s Intel Core i7 12th Gen 1255U - (16 GB/512 GB SSD/Windows 11 Home) 15s-fq5190tu Thin and Light L...,66800,4.6
HP Pavilion 15 (2024) AMD Ryzen 5 Hexa Core 7530U - (8 GB/512 GB SSD/Windows 11 Home) 15-eh3036AU Thin...,43999,4.3
HP Chromebook Intel Celeron Dual Core N4500 - (4 GB/128 GB EMMC Storage/Chrome OS) 15a- na0012TU Chrom...,19990,3.9
HP 14s Intel Core i3 11th Gen 1115G4 - (8 GB/512 GB SSD/Windows 11 Home) 14s - dy2508TU Thin and Light...,36790,4.3
HP AMD Ryzen 5 Hexa Core 5500U - (16 GB/512 GB SSD/Windows 11 Home) 15s- eq2182AU Thin and Light Lapto...,40990,4.3
HP Chromebook Intel Celeron Quad Core N4120 - (4 GB/64 GB EMMC Storage/Chrome OS) 14a-ca0504TU Chromeb...,20990,4.1
HP Chromebook Plus Intel Core i3 N305 - (8 GB/128 GB/Chrome Plus) 14b-cd0013TU Chromebook,46990,2
HP 250 G9 Intel Core i3 12th Gen 1215U - (8 GB/512 GB SSD/Windows 11 Home) 7M657PA Thin and Light Lapt...,33490,4.1
HP 15s Intel Core i3 13th Gen 1315U - (8 GB/512 GB SSD/Windows 11 Home) 15-fd0006TU Thin and Light Lap...,39990,4
HP 255 G8 Silver AMD Ryzen 5 Hexa Core AMD Ryzen 5 5500U - (8 GB/256 GB SSD/Windows 11 Home) 255 Busin...,31490,4.4
HP Chromebook Intel Celeron Dual Core N4120 - (4 GB/64 GB EMMC Storage/Chrome OS) 14a-ca0506TU Chromeb...,19990,3.9
HP Chromebook MediaTek MT8183 - (4 GB/32 GB EMMC Storage/Chrome OS) 11MK G9 EE Chromebook,34554,3.7
HP Pavilion Plus Intel Core i5 13th Gen 1335U - (16 GB/512 GB SSD/Windows 11 Home) 14-ew0116TU Thin an...,67390,4.3
HP Victus Intel Core i5 12th Gen 12450H - (8 GB/512 GB SSD/Windows 11 Home/4 GB Graphics/NVIDIA GeForc...,57990,4.4
"HP 240 G9 Intel Core i7 12th Gen 1255U Deca Core with Intel Turbo Boost, Finger Print - (16 GB/512 GB ...",62990,3.9
HP 15s Intel Core i3 11th Gen 1115G4 - (8 GB/512 GB SSD/Windows 11 Home) 15s-FR2006TU Thin and Light L...,33500,4.3
HP 15s Intel Core i5 13th Gen 1334U - (16 GB/512 GB SSD/Windows 11 Home) 15-fd0013TU Thin and Light La...,57370,4.2
HP Chromebook Intel Celeron Dual Core N4500 - (4 GB/64 GB EMMC Storage/Chrome OS) 14a- na1004TU Chrome...,18990,3.7
HP 247 G8 AMD Ryzen 5 Dual Core 3500U - (8 GB/512 GB SSD/Windows 11 Home) 247 G8 Notebook,35888,4.1
HP Intel Core i3 11th Gen 1115G4 - (8 GB/512 GB SSD/Windows 10 Home) 15s-FR2006TU Thin and Light Lapto...,41890,4.3
HP Chromebook Intel Celeron Dual Core N4500 - (4 GB/128 GB EMMC Storage/Chrome OS) 15a- na0012TU Chrom...,19990,3.9
HP Intel Core i5 12th Gen 1235U - (16 GB/512 GB SSD/Windows 11 Home) 15-fd0111TU Thin and Light Laptop,49500,4.1
HP Envy x360 Intel Core i5 13th Gen 1335U - (16 GB/512 GB SSD/Windows 11 Home) 15-fe0027TU Laptop,74999,4.5
HP Chromebook Intel Celeron Quad Core N4120 - (4 GB/64 GB EMMC Storage/Chrome OS) 14a-ca0504TU Chromeb...,20990,4.1
HP AMD Ryzen 3 Dual Core - (8 GB/256 GB SSD/Windows 11 Home) 15S-ER1501AU Laptop,29990,4
HP Chromebook Plus Intel Core i3 N305 - (8 GB/128 GB/Chrome Plus) 14b-cd0013TU Chromebook,46990,2
HP 15s Intel Core i5 13th Gen 1335U - (8 GB/512 GB SSD/Windows 11 Home) 15-fd0021TU Thin and Light Lap...,54999,4.1
HP Pavilion AMD Ryzen 5 Hexa Core AMD R5-5600H - (8 GB/512 GB SSD/Windows 10/4 GB Graphics/NVIDIA GeFo...,59391,4.4
HP Chromebook Intel Celeron Dual Core N4120 - (4 GB/64 GB EMMC Storage/Chrome OS) 14a-ca0506TU Chromeb...,19990,3.9
HP Chromebook MediaTek MT8183 - (4 GB/32 GB EMMC Storage/Chrome OS) 11MK G9 EE Chromebook,34554,3.7
HP 14s Intel Core i3 12th Gen 1215U - (8 GB/512 GB SSD/Windows 11 Home) 14s - dy5008TU Thin and Light ...,35390,3.8
HP Intel Core i5 12th Gen 1235U - (16 GB/512 GB SSD/Windows 11 Home) 15s- fr5011TU Thin and Light Lapt...,48490,4.1
HP 14 Intel Core i5 10th Gen 10210U - (8 GB/512 GB SSD/Windows 10 Home) 14-ck2018TU Thin and Light Lap...,39490,4.3
HP Chromebook Intel Celeron Dual Core N4500 - (4 GB/64 GB EMMC Storage/Chrome OS) 14a- na1004TU Chrome...,18990,3.7
HP 15s AMD Athlon Dual Core 3050U - (8 GB/512 GB SSD/Windows 11 Home) 15s-ey1509AU Thin and Light Lapt...,30490,4.1
HP Pavilion Eyesafe AMD Ryzen 5 Dual Core 5625U - (16 GB/512 GB SSD/Windows 11 Home) 14-EC1019AU Thin ...,69083,4.5
HP Chromebook Intel Celeron Dual Core N4500 - (4 GB/128 GB EMMC Storage/Chrome OS) 15a- na0012TU Chrom...,19990,3.9
HP AMD Ryzen 3 Quad Core 5300U - (8 GB/512 GB SSD/Windows 11 Home) fq1089au Thin and Light Laptop,39430,4.3
HP 15s Intel Core i3 11th Gen 1115G4 - (8 GB/1 TB HDD/256 GB SSD/Windows 11 Home) 15s-du3614TU Thin an...,34190,4
HP Chromebook MediaTek Kompanio 1200 - (8 GB/256 GB SSD/Chrome OS) 13b-ca0006MU Chromebook,34990,4.2
HP Chromebook Intel Celeron Quad Core N4120 - (4 GB/64 GB EMMC Storage/Chrome OS) 14a-ca0504TU Chromeb...,20990,4.1
HP Chromebook Plus Intel Core i3 N305 - (8 GB/128 GB/Chrome Plus) 14b-cd0013TU Chromebook,46990,2
HP Laptop 15s Intel Celeron Dual Core Intel Celeron N4500 - (8 GB/512 GB SSD/Windows 11 Home) fq3071TU...,28360,3.7
HP Victus Intel Core i5 12th Gen 12450H - (16 GB/512 GB SSD/Windows 11 Home/4 GB Graphics/NVIDIA GeFor...,68990,3
HP Chromebook Intel Celeron Dual Core N4120 - (4 GB/64 GB EMMC Storage/Chrome OS) 14a-ca0506TU Chromeb...,19990,3.9
HP AMD Ryzen 3 Dual Core 3250U - (8 GB/512 GB SSD/Windows 11 Home) 15s- eq1560AU Thin and Light Laptop,39862,4.3
HP Victus Intel Core i5 12th Gen - (16 GB/512 GB SSD/Windows 11 Home/4 GB Graphics/NVIDIA GeForce RTX ...,60990,4.4
HP Chromebook MediaTek MT8183 - (4 GB/32 GB EMMC Storage/Chrome OS) 11MK G9 EE Chromebook,34554,3.7
HP Pavilion x360 Intel Core i3 12th Gen 1215U - (8 GB/512 GB SSD/Windows 11 Home) 14-ek0137TU Thin and...,53990,4.3
HP Envy x360 Intel Core i5 13th Gen 1335U - (16 GB/512 GB SSD/Windows 11 Home) 15-fe0027TU Laptop,74999,4.5
HP 255 G9 840T7PA AMD Athlon Dual Core 3050U - (4 GB/256 GB SSD/DOS) 255 G8 Thin and Light Laptop,17990,3.9
HP Chromebook Intel Celeron Dual Core N4500 - (4 GB/64 GB EMMC Storage/Chrome OS) 14a- na1004TU Chrome...,18990,3.7
HP AMD Ryzen 5 Hexa Core - (8 GB/512 GB SSD/Windows 11 Home/4 GB Graphics) 15-FB1001AX Laptop,54900,4.3
HP Intel Core i5 13th Gen 1334U - (8 GB/512 GB SSD/Windows 11 Home) 15-fd0220TU Thin and Light Laptop,52990,4.1
HP AMD Ryzen 5 Hexa Core 5500U - (8 GB/512 GB SSD/Windows 11 Home) 15s- eq2223AU Thin and Light Laptop,37499,4.3
HP Chromebook Intel Celeron Dual Core N4500 - (4 GB/128 GB EMMC Storage/Chrome OS) 15a- na0012TU Chrom...,19990,3.9
HP 15s AMD Ryzen 3 Dual Core 3250U - (8 GB/256 GB SSD/Windows 11 Home) 15s-ey1508AU Thin and Light Lap...,26610,4.2
HP Victus AMD Ryzen 5 Hexa Core 5600H - (16 GB/512 GB SSD/Windows 11 Home/4 GB Graphics/AMD Radeon RX ...,54110,4.3
HP Chromebook Intel Celeron Quad Core N4120 - (4 GB/64 GB EMMC Storage/Chrome OS) 14a-ca0504TU Chromeb...,20990,4.1
HP Chromebook Plus Intel Core i3 N305 - (8 GB/128 GB/Chrome Plus) 14b-cd0013TU Chromebook,46990,2
HP AMD Ryzen 3 Dual Core 3250U - (8 GB/256 GB SSD/Windows 11 Home) 15s- eq1561AU Thin and Light Laptop,29990,3.7
HP 250 G8 Intel Core i3 11th Gen - (8 GB/512 GB SSD/Windows 11 Home) 250 G8 Business Laptop,34090,4.2
HP Pavilion AMD Ryzen 5 Hexa Core 5500U - (16 GB/1 TB SSD/Windows 11 Home) 15-eh1047AU Thin and Light ...,52880,4.3
HP Chromebook Intel Celeron Dual Core N4120 - (4 GB/64 GB EMMC Storage/Chrome OS) 14a-ca0506TU Chromeb...,19990,3.9
HP Chromebook MediaTek MT8183 - (4 GB/32 GB EMMC Storage/Chrome OS) 11MK G9 EE Chromebook,34554,3.7
HP Pavilion Intel Core i5 12th Gen 1235U - (16 GB/1 TB SSD/Windows 11 Home) 14-dv2153TU Thin and Light...,67900,4.2
HP 14s Intel Celeron Dual Core N4500 - (8 GB/256 GB SSD/Windows 11 Home) 14s- dq3032tu Thin and Light ...,36865,3.8
HP Intel Core i3 12th Gen 1215U - (8 GB/512 GB SSD/Windows 11 Home) 14s-dq5138tu Thin and Light Laptop,37990,4.2
HP Chromebook Intel Celeron Dual Core N4020 - (4 GB/64 GB EMMC Storage/Chrome OS) 14a-ca0505TU Chromeb...,20990,3.9
HP 255 G9 841W6pa AMD Ryzen 3 Dual Core - (8 GB/512 GB SSD/DOS) 6E3Z0PA Laptop,28990,3.8
HP Chromebook Intel Celeron Dual Core N4500 - (4 GB/64 GB EMMC Storage/Chrome OS) 14a- na1004TU Chrome...,18990,3.7
HP Intel Core i5 12th Gen 1235U - (8 GB/512 GB SSD/Windows 11 Home) 15s-fq5202TU Thin and Light Laptop,47999,4.2
HP Intel Core i3 11th Gen - (8 GB/512 GB SSD/Windows 11 Home) 15s-fq2627TU Thin and Light Laptop,35899,3.9
HP Chromebook Intel Celeron Dual Core N4500 - (4 GB/128 GB EMMC Storage/Chrome OS) 15a- na0012TU Chrom...,19990,3.7
HP Intel Core N N200 - (8 GB/128 GB/Chrome OS) 14a-nf0016TU Chromebook,42419,4.1
HP Intel Celeron Dual Core - (8 GB/512 GB SSD/Windows 11 Home) fq3071TU Thin and Light Laptop,28690,3.8
HP Chromebook Intel Celeron Quad Core N4120 - (4 GB/64 GB EMMC Storage/Chrome OS) 14a-ca0504TU Chromeb...,20990,2
HP Intel Pentium Quad Core N6000 - (8 GB/512 GB SSD/Windows 11 Home) 15s-fq3073TU Thin and Light Lapto...,31490,3.8
HP Chromebook Plus Intel Core i3 N305 - (8 GB/128 GB/Chrome Plus) 14b-cd0013TU Chromebook,46990,4
HP 14s Intel Pentium Quad Core N6000 - (8 GB/256 GB SSD/Windows 11 Home) 14s-dq3033tu Thin and Light L...,33279,3.9
HP G9 AMD Ryzen 3 Dual Core 3250U - (8 GB/512 GB SSD/DOS) 841W6PA Thin and Light Laptop,25480,3.7
HP Chromebook Intel Celeron Dual Core N4120 - (4 GB/64 GB EMMC Storage/Chrome OS) 14a-ca0506TU Chromeb...,19990,4.1
HP Chromebook MediaTek MT8183 - (4 GB/32 GB EMMC Storage/Chrome OS) 11MK G9 EE Chromebook,34554,3.7
HP HP Pavilion Intel Core i5 11th Gen Core i5-1155G7 - (16 GB/512 GB SSD/Windows 11 Home) Pavilion 14-...,53900,3.9
HP 15s Intel Core i3 10th Gen 10110U - (8 GB/1 TB HDD/Windows 10 Home) 15s-DU1066TU Thin and Light Lap...,40800,3.9
HP AMD Ryzen 5 - (8 GB/512 GB SSD/Windows 11 Home/4 GB Graphics/AMD Radeon AMD Radeon™ RX 6500M Graphi...,47499,N/A
HP Chromebook Intel Celeron Dual Core N4500 - (4 GB/256 GB SSD/Windows 10 Home) 14s-dq3017TU Chromeboo...,27990,N/A
HP Intel Core 3 100U - (8 GB/512 GB SSD/Windows 11 Home) 15-fd1095TU Thin and Light Laptop,46990,4.5
HP 15s AMD Ryzen 5 Quad Core 3500U - (8 GB/512 GB SSD/Windows 10 Home) 15s-eq0500AU Thin and Light Lap...,40799,3.7
HP Chromebook Intel Celeron Dual Core N4500 - (4 GB/64 GB EMMC Storage/Chrome OS) 14a- na1004TU Chrome...,18990,4.1
HP 15s Intel Core i5 13th Gen 1335U - (8 GB/512 GB SSD/Windows 11 Home) 15-fd0022TU Thin and Light Lap...,54499,3.5
HP 15s Intel Core i3 11th Gen 1115G4 - (8 GB/1 TB HDD/Windows 10 Home) 15s-dy3001TU Thin and Light Lap...,32490,3.7
HP AMD Ryzen 7 Octa Core 5700U - (16 GB/512 GB SSD/Windows 11 Home) 15s- eq2084au Thin and Light Lapto...,56989,3.7
HP Chromebook Intel Celeron Dual Core N4500 - (4 GB/128 GB EMMC Storage/Chrome OS) 15a- na0012TU Chrom...,19990,4.2
HP AMD Ryzen 5 Hexa Core 5500U - (8 GB/512 GB SSD/Windows 11 Home) 14s-fq1092au Thin and Light Laptop,54990,4.1
HP AMD Ryzen 5 Hexa Core - (16 GB/512 GB SSD/Windows 11 Home/4 GB Graphics/AMD Radeon NVIDIA® GeForce ...,57990,2
HP Chromebook Intel Celeron Quad Core N4120 - (4 GB/64 GB EMMC Storage/Chrome OS) 14a-ca0504TU Chromeb...,20990,3.7
HP Chromebook Plus Intel Core i3 N305 - (8 GB/128 GB/Chrome Plus) 14b-cd0013TU Chromebook,46990,4.5
HP AMD Ryzen 3 Dual Core - (8 GB/512 GB SSD/Windows 11 Home) 245 G8 Laptop,29790,3.8
HP Pavilion Intel Core i5 11th Gen 1135G7 - (16 GB/512 GB SSD/Windows 10 Home) 14-dv0054TU Thin and Li...,57990,4.2
HP 15s AMD Ryzen 5 Quad Core 7520U - (8 GB/512 GB SSD/Windows 11 Home) 15-fc0029AU Thin and Light Lapt...,45990,3.7
HP Chromebook Intel Celeron Dual Core N4120 - (4 GB/64 GB EMMC Storage/Chrome OS) 14a-ca0506TU Chromeb...,19990,4.2
HP Chromebook MediaTek MT8183 - (4 GB/32 GB EMMC Storage/Chrome OS) 11MK G9 EE Chromebook,34554,3.7
HP 15s Intel Core i5 10th Gen 10210U - (8 GB/1 TB HDD/Windows 10 Home) 15s-DU1034TU Thin and Light Lap...,50990,3.9
HP Intel Core N N100 - (4 GB/64 GB EMMC Storage/Chrome OS) 14a-nf0014TU Chromebook,29990,N/A
HP Intel Core i5 12th Gen 1240P - (8 GB/512 GB SSD/Windows 11 Home) 14s-dq5007tu Thin and Light Laptop,54490,3.8
HP 247 G8 AMD Athlon Dual Core AMD Athlon P3045B - (8 GB/1 TB HDD/Windows 11 Home) 67U77PA Laptop,24490,3.5
HP Pavilion AMD Ryzen 5 Hexa Core 5500U - (8 GB/512 GB SSD/Windows 11 Home) 15-eh1101AU Thin and Light...,46990,4.3
HP Intel Core i3 11th Gen - (8 GB/512 GB SSD/Windows 11 Home) 15S-FR2515TU Laptop,35850,4.3
HP AMD Ryzen 5 Hexa Core 5500U - (8 GB/512 GB SSD/Windows 10 Home) 15s-EQ2040AU Thin and Light Laptop,38899,4.3
HP AMD Ryzen 5 Quad Core 7520U - (8 GB/512 GB SSD/Windows 11 Home) 14-em0026AU Thin and Light Laptop,44990,4.2
HP 240 G8 Intel Core i3 11th Gen - (8 GB/512 GB SSD/Windows 11 Pro) 240 G8 Notebook,32990,4.2
HP Pavilion Aero AMD Ryzen 5 Hexa Core 7535U - (16 GB/512 GB SSD/Windows 11 Home) 13-BE2057AU Thin and...,67951,4.2
HP Intel Core 5 120U - (16 GB/512 GB SSD/Windows 11 Home) 15-fd1097TU Thin and Light Laptop,67490,4.4
HP 250R G9 Intel Core i3 13th Gen 1315U - (8 GB/512 GB SSD/Windows 11 Home) 42V68PA Laptop,33990,4.1
HP 15s AMD Ryzen 7 Quad Core 3700U - (8 GB/512 GB SSD/Windows 10 Home) 15s-eq0132AU Thin and Light Lap...,45990,4
HP G8 AMD Ryzen 5 Hexa Core 5th Gen 5500U - (8 GB/512 GB SSD/Windows 11 Home) 62Y30PA Laptop,32380,2
HP Intel Core i3 11th Gen - (8 GB/512 GB SSD/Windows 11 Home) 15S-FQ2738TU Laptop,31890,4.1
HP AMD Ryzen 5 Quad Core 7520U - (16 GB/512 GB SSD/Windows 11 Home) 14-hr0000AU Thin and Light Laptop,59387,4.4
HP 15s Intel Core i3 11th Gen 1115G4 - (8 GB/512 GB SSD/Windows 11 Home) 15s-fq2671TU Thin and Light L...,39600,4.1
HP 15s AMD Ryzen 5 Hexa Core 4500U - (8 GB/256 GB SSD/Windows 10 Home) 15s-ey1004AU Thin and Light Lap...,46990,4.3
HP ChromeBook Intel Celeron Dual Core N4000 - (4 GB/64 GB EMMC Storage/Chrome OS) 12b-ca0006TU Chromeb...,33990,3
HP 14s Intel Core i3 11th Gen 1125G4 - (8 GB/256 GB SSD/Windows 11 Home) 14s- dy2506TU Thin and Light ...,33490,4.3
HP Pavilion x360 Intel Core i5 12th Gen 1235U - (16 GB/512 GB SSD/Windows 11 Home) 14-ek0072TU Thin an...,72990,4.2
HP Intel Intel Core i3 10th Gen 10110U - (8 GB/512 GB SSD/Windows 10 Home) 15s-DU1516TU Thin and Light...,39052,4.4
HP Intel Core N N100 - (4 GB/128 GB/Chrome OS) 14b-cd0011TU Chromebook,35990,N/A
HP Intel Core i3 11th Gen 1115G4 - (8 GB/256 GB SSD/Windows 10 Home) 14s-DQ2100TU Thin and Light Lapto...,34897,N/A
HP 14s AMD Ryzen 3 Quad Core 4300U - (8 GB/512 GB SSD/Windows 10 Home) 14s-fr0016AU Thin and Light Lap...,42999,N/A
HP AMD Ryzen 5 Hexa Core 7535HS - (8 GB/512 GB SSD/Windows 11 Home/4 GB Graphics/NVIDIA GeForce RTX NV...,64190,N/A
HP Chromebook Intel Celeron Dual Core N4500 - (4 GB/64 GB EMMC Storage/Chrome OS) 14a- na1004TU Chrome...,18990,3.7
HP AMD Ryzen 5 Hexa Core 7535HS - (8 GB/512 GB SSD/Windows 11 Home/4 GB Graphics/NVIDIA GeForce RTX NV...,64190,3.7
HP AMD Ryzen 5 5500U - (16 GB/512 GB SSD/Windows 11 Home) EQ2305AU Thin and Light Laptop,41500,3.9
HP Chromebook Intel Celeron Dual Core N4500 - (4 GB/128 GB EMMC Storage/Chrome OS) 15a- na0012TU Chrom...,19990,4.4
HP Intel Core i3 12th Gen - (8 GB/512 GB SSD/Windows 11 Home) 15s-fq5185TU Laptop,35490,3.7
HP HP Pavilion AMD Ryzen 5 Hexa Core AMD R5-4600H - (8 GB/512 GB SSD/Windows 10 Home/4 GB Graphics/NVI...,70999,4.1
HP Pavilion x360 Intel Core i5 12th Gen 1235U - (16 GB/512 GB SSD/Windows 11 Home) 14-ek0074TU 2 in 1 ...,71990,2
HP Chromebook Intel Celeron Quad Core N4120 - (4 GB/64 GB EMMC Storage/Chrome OS) 14a-ca0504TU Chromeb...,20990,3.9
HP Chromebook Plus Intel Core i3 N305 - (8 GB/128 GB/Chrome Plus) 14b-cd0013TU Chromebook,46990,4
HP AMD Ryzen 3 Dual Core 3rd Gen - (8 GB/512 GB SSD/Windows 11 Home) 15S-EQ1550AU Laptop,31490,3.8
HP 245G9 841W7PA SILVER AMD Ryzen 3 Dual Core - (8 GB/512 GB SSD/DOS) 247 G8 Notebook,26890,3.9
HP Chromebook Intel Celeron Dual Core N4120 - (4 GB/64 GB EMMC Storage/Chrome OS) 14a-ca0506TU Chromeb...,19990,4.3
HP Intel Core N N200 - (8 GB/128 GB/Chrome OS) 14b-cd0012TU Chromebook,40990,3.7
HP Intel Intel Core i5 11th Gen 1135G7 - (8 GB/512 GB SSD/Windows 10 Home) 14s- DQ2535TU Thin and Ligh...,49990,3.9
HP Chromebook MediaTek MT8183 - (4 GB/32 GB EMMC Storage/Chrome OS) 11MK G9 EE Chromebook,34554,3
HP 14s Intel Core i3 11th Gen - (8 GB/512 GB SSD/Windows 11 Home) 14s- DR2015TU Thin and Light Laptop,35390,3.7
HP 240 G9 Intel Core i3 12th Gen Intel® Core™ i3-1215U - (8 GB/512 GB SSD/DOS) 240 G9 Business Laptop,32140,N/A
HP 15s Intel Core i5 11th Gen 1135G7 - (8 GB/512 GB SSD/Windows 11 Home/2 GB Graphics) 15s-du3519TX Th...,46990,N/A
HP Chromebook Intel Celeron Dual Core N4500 - (4 GB/64 GB EMMC Storage/Chrome OS) 14a- na1004TU Chrome...,18990,3.7
HP 240 G8 Intel Core i3 11th Gen 11th Generation Intel® Core™ i3 processor - (8 GB/512 GB SSD/DOS) 240...,31990,3.6
HP 15s Intel Core i3 10th Gen 1005G1 - (4 GB/1 TB HDD/Windows 10 Home) 15s-du2069TU Thin and Light Lap...,38210,3.9
HP 14s Intel Core i3 11th Gen - (8 GB/256 GB SSD/Windows 11 Home) 14s-dy2500TU Thin and Light Laptop,34990,4.3
HP Chromebook Intel Celeron Dual Core N4500 - (4 GB/128 GB EMMC Storage/Chrome OS) 15a- na0012TU Chrom...,19990,3.9
HP 15s Intel Core i3 11th Gen 1125G4 - (8 GB/256 GB SSD/Windows 11 Home) 15s-fq2626TU Thin and Light L...,36999,4.4
HP AMD Ryzen 5 Hexa Core - (8 GB/512 GB SSD/Windows 11 Home/4 GB Graphics/AMD Radeon Radeon RX 6500M) ...,52330,5
HP Chromebook Intel Celeron Quad Core N4120 - (4 GB/64 GB EMMC Storage/Chrome OS) 14a-ca0504TU Chromeb...,20990,4.1
HP Chromebook Plus Intel Core i3 N305 - (8 GB/128 GB/Chrome Plus) 14b-cd0013TU Chromebook,46990,2
HP 15s AMD Ryzen 3 Dual Core 3250U - (8 GB/1 TB HDD/256 GB SSD/Windows 10 Home) 15s-GR0012AU Laptop,39790,4.3
HP Chromebook Intel Celeron Dual Core N4500 - (4 GB/128 GB EMMC Storage/Chrome OS) 15a- na0008TU Chrom...,17990,3.9
HP Pavilion AMD Ryzen 5 Hexa Core 5500U - (16 GB/512 GB SSD/Windows 11 Home/2 GB Graphics) 14-ec0000AX...,62604,4.2
HP Chromebook Intel Celeron Dual Core N4120 - (4 GB/64 GB EMMC Storage/Chrome OS) 14a-ca0506TU Chromeb...,19990,3.9
HP Chromebook MediaTek MT8183 - (4 GB/32 GB EMMC Storage/Chrome OS) 11MK G9 EE Chromebook,34554,3.7
HP HP 250 G7 Intel Core i5 10th Gen Intel® Core™ i5-1035G1 - (8 GB/512 GB HDD/512 GB SSD/Windows 10 Ho...,40990,2.3
HP 15s Intel Core i3 11th Gen 1115G4 - (8 GB/256 GB SSD/Windows 11 Home) 15s-FQ2075TU Thin and Light L...,35990,4.3
HP 15s Intel Core i3 10th Gen 10110U - (8 GB/1 TB HDD/256 GB SSD/Windows 10 Home) 15s-du1064TU Laptop,32990,4.4
HP 15s Intel Core i3 11th Gen 1115G4 - (8 GB/512 GB SSD/Windows 10 Home) 15s-FQ2072TU Thin and Light L...,42990,4.3
HP Victus Intel Core i5 13th Gen 13420H - (16 GB/1 TB SSD/Windows 11 Home/4 GB Graphics/NVIDIA GeForce...,69990,4.1
HP Chromebook Intel Celeron Dual Core N4500 - (4 GB/64 GB EMMC Storage/Chrome OS) 14a- na1004TU Chrome...,18990,3.7
HP Victus 15 AMD Ryzen 5 Hexa Core 5600H - (16 GB/512 GB SSD/Windows 11 Home/4 GB Graphics/AMD Radeon ...,51490,4
HP Pavilion AMD Ryzen 5 Hexa Core 5625U - (16 GB/512 GB SSD/Windows 11 Home) 15-eh2024AU Thin and Ligh...,59100,4.4
HP Chromebook Intel Celeron Dual Core N4500 - (4 GB/128 GB EMMC Storage/Chrome OS) 15a- na0012TU Chrom...,19990,3.9
HP Intel Intel Core i5 12th Gen 1235U - (16 GB/512 GB SSD/Windows 11 Home) 14s - dy5005TU Thin and Lig...,72331,4.2
HP VICTUS 15 Intel Core i5 12th Gen 12450H - (16 GB/512 GB SSD/Windows 11 Home/4 GB Graphics/NVIDIA Ge...,71990,4.4
HP Chromebook Intel Celeron Quad Core N4120 - (4 GB/64 GB EMMC Storage/Chrome OS) 14a-ca0504TU Chromeb...,20990,4.1
HP Victus Intel Core i5 12th Gen 12450H - (16 GB/1 TB SSD/Windows 11 Home/4 GB Graphics/NVIDIA GeForce...,72990,2
HP Chromebook Plus Intel Core i3 N305 - (8 GB/128 GB/Chrome Plus) 14b-cd0013TU Chromebook,46990,3.8
HP Pavilion AMD Ryzen 5 Hexa Core AMD R5-5600H - (8 GB/512 GB SSD/Windows 10 Home/4 GB Graphics/NVIDIA...,48990,4.3
HP Pavilion AI PC Intel Core Ultra 5 125U - (16 GB/512 GB SSD/Windows 11 Home) 16-af0015TU Thin and Li...,72990,3.9
HP Chromebook Intel Celeron Dual Core N4120 - (4 GB/64 GB EMMC Storage/Chrome OS) 14a-ca0506TU Chromeb...,19990,3.7
HP Chromebook MediaTek MT8183 - (4 GB/32 GB EMMC Storage/Chrome OS) 11MK G9 EE Chromebook,34554,3.8
HP Pavilion 15 AMD Ryzen 5 Hexa Core 13th Gen AMD Ryzen™ 5 5625U - (8 GB/512 GB SSD/Windows 11 Home) 1...,48490,4.3
HP Victus AMD Ryzen 5 Hexa Core 5600H - (8 GB/512 GB SSD/Windows 11 Home/4 GB Graphics/NVIDIA GeForce ...,66890,3.7
HP AMD Ryzen 5 Hexa Core - (8 GB/512 GB SSD/Windows 11 Home/4 GB Graphics/NVIDIA GeForce RTX 3050/144 ...,55990,3.9
HP Chromebook Intel Celeron Dual Core N4500 - (4 GB/256 GB SSD/Windows 10 Home) 14s-dq3017TU Chromeboo...,27990,N/A
HP AMD Ryzen 5 Hexa Core - (8 GB/512 GB SSD/Windows 11 Home/4 GB Graphics/NVIDIA GeForce RTX 3050/144 ...,55990,2.9
HP Victus 15 AMD Ryzen 5 Hexa Core 5600H - (16 GB/512 GB SSD/Windows 11 Home/4 GB Graphics/AMD Radeon ...,58990,4
HP Chromebook Intel Celeron Dual Core N4500 - (4 GB/64 GB EMMC Storage/Chrome OS) 14a- na1004TU Chrome...,18990,3.7
HP Chromebook MediaTek MT8183 - (4 GB/64 GB EMMC Storage/Chrome OS) 11A-NA0002MU Chromebook,21990,3.7
HP Pavilion Intel Core i5 13th Gen 1340p - (16 GB/512 GB SSD/Windows 11 Home) 15-eg3027TU Thin and Lig...,63990,3.6
HP Victus 15 AMD Ryzen 5 Hexa Core 5600H - (8 GB/512 GB SSD/Windows 11 Home/4 GB Graphics/NVIDIA GeFor...,48990,4.3
HP Chromebook Intel Celeron Dual Core N4500 - (4 GB/128 GB EMMC Storage/Chrome OS) 15a- na0012TU Chrom...,19990,3.9
HP Victus Intel Core i7 12th Gen 12650H - (8 GB/512 GB SSD/Windows 11 Home/4 GB Graphics/NVIDIA GeForc...,73490,4.1
HP Victus Intel Core i5 11th Gen 11400H - (16 GB/512 GB SSD/Windows 11 Home/4 GB Graphics/NVIDIA GeFor...,58790,4.1
HP Chromebook Intel Celeron Quad Core N4120 - (4 GB/64 GB EMMC Storage/Chrome OS) 14a-ca0504TU Chromeb...,20990,4.1
HP Chromebook Plus Intel Core i3 N305 - (8 GB/128 GB/Chrome Plus) 14b-cd0013TU Chromebook,46990,2
HP Intel Intel Core i3 11th Gen 1115G4 - (8 GB/256 GB SSD/Windows 10 Home) 14s- DY2501TU Thin and Ligh...,39999,4.4
HP Victus AMD Ryzen 5 Hexa Core 5600H - (8 GB/512 GB SSD/Windows 11 Home/4 GB Graphics/NVIDIA GeForce ...,59900,4.1
HP 15s Intel Core i3 13th Gen 1315U - (8 GB/512 GB SSD/Windows 11 Home) 15-fd0018TU Thin and Light Lap...,41790,4.2
HP Chromebook Intel Celeron Dual Core N4120 - (4 GB/64 GB EMMC Storage/Chrome OS) 14a-ca0506TU Chromeb...,19990,3.9
HP Chromebook MediaTek MT8183 - (4 GB/32 GB EMMC Storage/Chrome OS) 11MK G9 EE Chromebook,34554,3.7
HP Pavilion Intel Core i5 12th Gen core i5 1240P - (16 GB/512 GB SSD/Windows 11 Home) 15-eg2091TU Thin...,62490,3.8
HP 15s Intel Core i5 13th Gen 1335U - (8 GB/512 GB SSD/Windows 11 Home) 15-fd0011TU Thin and Light Lap...,53990,4.2
HP Pavilion 15 Intel Core i3 12th Gen 1215U - (8 GB/512 GB SSD/Windows 11 Home) 15-eg2017TU Thin and L...,49990,4.3
HP Victus 16 Intel Core i5 11th Gen 11400H - (16 GB/512 GB SSD/Windows 11 Home/4 GB Graphics/NVIDIA Ge...,58990,4.3
HP 15s AMD Ryzen 5 Hexa Core 4500U - (8 GB/256 GB SSD/Windows 10 Home) 15s-ey1004AU Thin and Light Lap...,46990,4.4
HP Chromebook Intel Celeron Dual Core N4500 - (4 GB/64 GB EMMC Storage/Chrome OS) 14a- na1004TU Chrome...,18990,3.7
HP Intel Core i5 13th Gen 1335U - (8 GB/512 GB SSD/Windows 11 Home) 15-hr0000TU Thin and Light Laptop,64490,4.3
HP Pavilion Intel Core i5 11th Gen 1155G7 - (8 GB/512 GB SSD/Windows 11 Home) 14-dv1000TU Thin and Lig...,61700,4.2
HP Chromebook Intel Celeron Dual Core N4500 - (4 GB/128 GB EMMC Storage/Chrome OS) 15a- na0012TU Chrom...,19990,3.9
HP Pavilion AMD Ryzen 5 Hexa Core 5625U - (8 GB/512 GB SSD/Windows 11 Home) 15-eh2050au Thin and Light...,51990,3.8
HP Victus e0333 AMD Ryzen 5 Hexa Core 5600H - (16 GB/512 GB SSD/Windows 11 Home/6 GB Graphics/NVIDIA G...,69990,4.2
HP Chromebook Intel Celeron Quad Core N4120 - (4 GB/64 GB EMMC Storage/Chrome OS) 14a-ca0504TU Chromeb...,20990,4.1
HP Pavilion x360 Intel Core i5 12th Gen 1235U - (16 GB/512 GB SSD/Windows 11 Home) 14-ek0074TU 2 in 1 ...,71990,4.1
HP Chromebook Plus Intel Core i3 N305 - (8 GB/128 GB/Chrome Plus) 14b-cd0013TU Chromebook,46990,2
HP Pavilion Intel Core i5 12th Gen 1235U - (16 GB/512 GB SSD/Windows 11 Home/2 GB Graphics) 15-EG2019T...,68490,3.8
HP 15s Intel Core i3 10th Gen 1005G1 - (4 GB/1 TB HDD/256 GB SSD/Windows 11 Home) 15s-du2067TU Thin an...,35991,4.4
HP Chromebook Intel Celeron Dual Core N4120 - (4 GB/64 GB EMMC Storage/Chrome OS) 14a-ca0506TU Chromeb...,19990,3.9
HP Chromebook MediaTek MT8183 - (4 GB/32 GB EMMC Storage/Chrome OS) 11MK G9 EE Chromebook,34554,3.7
HP Victus AMD Ryzen 7 Octa Core 5800H - (16 GB/512 GB SSD/Windows 11 Home/4 GB Graphics/NVIDIA GeForce...,68990,4.2
HP Victus Intel Core i5 12th Gen 12450H - (16 GB/512 GB SSD/Windows 11 Home/4 GB Graphics/NVIDIA GeFor...,66990,4.3
HP 15s Intel Core i5 13th Gen 1335U - (8 GB/1 TB SSD/Windows 11 Home) 15-fd0012TU Thin and Light Lapto...,65890,4.2
HP Chromebook Intel Celeron Dual Core N4500 - (4 GB/64 GB EMMC Storage/Chrome OS) 14a- na1004TU Chrome...,18990,3.7
HP 15s Intel Core i5 11th Gen 1135G7 - (8 GB/1 TB HDD/Windows 10 Home) 15s-du3032TU Thin and Light Lap...,55990,3.9
HP Pavilion 14 AMD Ryzen 7 Octa Core 5700U - (16 GB/512 GB SSD/Windows 11 Home/2 GB Graphics) 14-EC000...,58990,3.6
HP Chromebook Intel Celeron Dual Core N4500 - (4 GB/128 GB EMMC Storage/Chrome OS) 15a- na0012TU Chrom...,19990,3.9
HP Victus AMD Ryzen 7 Octa Core 5800H - (8 GB/512 GB SSD/Windows 11 Home/4 GB Graphics/NVIDIA GeForce ...,71890,4.3
HP Pavilion Intel Core i5 12th Gen 1235U - (8 GB/512 GB SSD/Windows 11 Home) 14-ek0086TU Thin and Ligh...,72618,4.4
HP Victus AMD Ryzen 5 Hexa Core 5600H - (8 GB/512 GB SSD/Windows 10 Home/4 GB Graphics/AMD Radeon RX 5...,48490,3.8
HP Chromebook Intel Celeron Quad Core N4120 - (4 GB/64 GB EMMC Storage/Chrome OS) 14a-ca0504TU Chromeb...,20990,4.1
HP Chromebook Plus Intel Core i3 N305 - (8 GB/128 GB/Chrome Plus) 14b-cd0013TU Chromebook,46990,2
HP Victus Intel Core i5 12th Gen 12450H - (8 GB/512 GB SSD/Windows 11 Home/Intel Integrated NVIDIA® Ge...,73010,4.3
HP Victus 16 Intel Core i5 11th Gen 11400H - (8 GB/512 GB SSD/Windows 11 Home/4 GB Graphics/NVIDIA GeF...,56500,3.8
HP Chromebook Intel Celeron Dual Core N4120 - (4 GB/64 GB EMMC Storage/Chrome OS) 14a-ca0506TU Chromeb...,19990,4.4
HP Omen Intel Core i5 7th Gen 7300HQ - (8 GB/1 TB HDD/128 GB SSD/Windows 10 Home/4 GB Graphics/NVIDIA ...,68071,3.7
HP Pavilion Gaming AMD Ryzen 5 Quad Core 3550H - (8 GB/512 GB SSD/Windows 10 Home/4 GB Graphics/NVIDIA...,55490,4.1
HP Chromebook MediaTek MT8183 - (4 GB/32 GB EMMC Storage/Chrome OS) 11MK G9 EE Chromebook,34554,3.7
HP Pavilion Intel Core i5 11th Gen 1155G7 - (8 GB/512 GB SSD/Windows 11 Home) 15-eg1000TU Thin and Lig...,58200,3.9
HP Victus AMD Ryzen 5 Hexa Core - (16 GB/512 GB SSD/Windows 11 Home/4 GB Graphics/NVIDIA GeForce RTX 2...,63499,N/A
HP Pavilion AMD Ryzen 5 Hexa Core - (8 GB/512 GB SSD/Windows 11 Home) 14-ec0036AU Thin and Light Lapto...,55990,N/A
